prompt_id,source_type,source_role,title,conversation_id,message_id,source_file,source_timestamp,source_sha256,prompt_text_sha256,source_record_status,source_integrity_status,discovery_status,semantic_status,runtime_status,canonical_status,release_status,lifecycle,lineage_status,dependency_status,project_link_status,persistence_status,audit_status,better_version_status,active_use_status,prompt_chars,prompt_words
PB-0510,CHAT_ARCHIVE_EXTRACTED,assistant,سبک اموزش پرامپت,68ca9262-d1e4-832c-984f-d62cb593401b,7bca311b-d9ef-4849-a64d-207a8b6b9ff4,conversations-000.json,1758746174.497244,b8bc19879a2730b0d9f88d28e6719c1399b4c09343058374907535d229c52d39,838fde33a103bd3be7e2100674592651267746b1411d9f86ab51f50d6b81b9b8,CANONICAL_SOURCE_RECORD,EXACT_SOURCE_CAPTURE,STRUCTURAL_SCAN_DISCOVERED,VALIDATED_STRUCTURAL,NOT_TESTED,FROZEN_SOURCE_TEXT,NOT_RELEASED,FROZEN_SOURCE_TEXT,ROOT_SOURCE_CAPTURE_FROM_DISCOVERY,OPEN_FOR_SOURCE_MAPPING,SOURCE_CHAT_LINK_PROVEN,LIBRARY_PRESENT_V3_ARTIFACTS,PENDING_FULL_PROMPT_AUDIT,PENDING_COMPARATIVE_AUDIT,CONTROLLED_NOT_RELEASED,1524,240
PB-0511,CHAT_ARCHIVE_EXTRACTED,assistant,پرامپت اموزش دروس,68d309a6-6d04-832a-9309-dc3236ecd0c0,58fed705-6bf5-4649-9f0e-e050ab2296f5,conversations-000.json,1759265334.950081,01ac1c9164cf96d487b042d05d2e0c48d0fbb5ddc3eaa0663ccb0e0df80b8177,564e837f573c056ca6780e9ec5082253e3e0ad1c14af4d8faae298adc7e93507,CANONICAL_SOURCE_RECORD,EXACT_SOURCE_CAPTURE,STRUCTURAL_SCAN_DISCOVERED,VALIDATED_STRUCTURAL,NOT_TESTED,FROZEN_SOURCE_TEXT,NOT_RELEASED,FROZEN_SOURCE_TEXT,ROOT_SOURCE_CAPTURE_FROM_DISCOVERY,OPEN_FOR_SOURCE_MAPPING,SOURCE_CHAT_LINK_PROVEN,LIBRARY_PRESENT_V3_ARTIFACTS,PENDING_FULL_PROMPT_AUDIT,PENDING_COMPARATIVE_AUDIT,CONTROLLED_NOT_RELEASED,15074,2459
PB-0512,CHAT_ARCHIVE_EXTRACTED,assistant,پرامپت اموزش دروس,68d309a6-6d04-832a-9309-dc3236ecd0c0,de2f26dd-3435-4eed-b49e-c32e07db2937,conversations-000.json,1758666670.082131,5eb709c289eee68b91e2b598bfdf9b648a765e9a9df2e76b3bb9b21ab3a9f3da,54cb43f7c2aca73685a688715a914106443772cfec40b166c937f38f07d97967,CANONICAL_SOURCE_RECORD,EXACT_SOURCE_CAPTURE,STRUCTURAL_SCAN_DISCOVERED,VALIDATED_STRUCTURAL,NOT_TESTED,FROZEN_SOURCE_TEXT,NOT_RELEASED,FROZEN_SOURCE_TEXT,ROOT_SOURCE_CAPTURE_FROM_DISCOVERY,OPEN_FOR_SOURCE_MAPPING,SOURCE_CHAT_LINK_PROVEN,LIBRARY_PRESENT_V3_ARTIFACTS,PENDING_FULL_PROMPT_AUDIT,PENDING_COMPARATIVE_AUDIT,CONTROLLED_NOT_RELEASED,3190,527
PB-0513,CHAT_ARCHIVE_EXTRACTED,assistant,آموزش گام‌به‌گام حقوق,68d31ff2-bc94-832b-9389-b2dca7eed302,1873c790-5a0b-4375-b0d2-9b4a86ffb6d8,conversations-000.json,1758728922.354282,72db606c3a6d59cee25212b509c4ac2d60dafd0efcfea323484455b813cfbbee,0daca49f4c4174161f5b0f2dbe4fcded5bbec511afd2a6cf70300633c5ed9e33,CANONICAL_SOURCE_RECORD,EXACT_SOURCE_CAPTURE,STRUCTURAL_SCAN_DISCOVERED,VALIDATED_STRUCTURAL,NOT_TESTED,FROZEN_SOURCE_TEXT,NOT_RELEASED,FROZEN_SOURCE_TEXT,ROOT_SOURCE_CAPTURE_FROM_DISCOVERY,OPEN_FOR_SOURCE_MAPPING,SOURCE_CHAT_LINK_PROVEN,LIBRARY_PRESENT_V3_ARTIFACTS,PENDING_FULL_PROMPT_AUDIT,PENDING_COMPARATIVE_AUDIT,CONTROLLED_NOT_RELEASED,3552,537
PB-0514,CHAT_ARCHIVE_EXTRACTED,assistant,آموزش گام‌به‌گام حقوق,68d31ff2-bc94-832b-9389-b2dca7eed302,a74f3fdd-aaab-457f-ad59-c613b0dc7a54,conversations-000.json,1758666863.37582,202fd7705219bc5d85ea039b20dfec94dfcafaa91f7f133b833d14924f947115,6522cc975fed4437e6b9a57c4fe9f4f8a6107fcec280e6e06784ba2e7a06cb33,CANONICAL_SOURCE_RECORD,EXACT_SOURCE_CAPTURE,STRUCTURAL_SCAN_DISCOVERED,VALIDATED_STRUCTURAL,NOT_TESTED,FROZEN_SOURCE_TEXT,NOT_RELEASED,FROZEN_SOURCE_TEXT,ROOT_SOURCE_CAPTURE_FROM_DISCOVERY,OPEN_FOR_SOURCE_MAPPING,SOURCE_CHAT_LINK_PROVEN,LIBRARY_PRESENT_V3_ARTIFACTS,PENDING_FULL_PROMPT_AUDIT,PENDING_COMPARATIVE_AUDIT,CONTROLLED_NOT_RELEASED,3900,681
PB-0515,CHAT_ARCHIVE_EXTRACTED,assistant,آموزش گام‌به‌گام حقوق,68d31ff2-bc94-832b-9389-b2dca7eed302,b0c24926-1b6f-4ceb-933d-dc193ac8154c,conversations-000.json,1758666816.815288,e7a294cc4f7e8c55e3e567b75dee3b7ef27b5981f6877789d31cf752fd727157,d9459c829d084c2a26ad29da0b8cc0ef0fc917f9820883be00deb600a62c1272,CANONICAL_SOURCE_RECORD,EXACT_SOURCE_CAPTURE,STRUCTURAL_SCAN_DISCOVERED,VALIDATED_STRUCTURAL,NOT_TESTED,FROZEN_SOURCE_TEXT,NOT_RELEASED,FROZEN_SOURCE_TEXT,ROOT_SOURCE_CAPTURE_FROM_DISCOVERY,OPEN_FOR_SOURCE_MAPPING,SOURCE_CHAT_LINK_PROVEN,SOURCE_LIBRARY_PRESENT_V3_ARTIFACTS,PENDING_FULL_PROMPT_AUDIT,PENDING_COMPARATIVE_AUDIT,CONTROLLED_NOT_RELEASED,2758,405
PB-0516,CHAT_ARCHIVE_EXTRACTED,assistant,آموزش دقیق درسی,68d410e9-99d8-832f-b5ad-4b1b36ece8c5,1ff25623-b099-4bfc-bd32-06c8d87f3682,conversations-000.json,1758748619.814596,5fb2b6ce9e5a7320862c21c54bb70930e7d3ee6997748dec3501e402f545a089,120061088424f5fa349626c8847e6fcb631d070270492a012d999293091b91d5,CANONICAL_SOURCE_RECORD,EXACT_SOURCE_CAPTURE,STRUCTURAL_SCAN_DISCOVERED,VALIDATED_STRUCTURAL,NOT_TESTED,FROZEN_SOURCE_TEXT,NOT_RELEASED,FROZEN_SOURCE_TEXT,ROOT_SOURCE_CAPTURE_FROM_DISCOVERY,OPEN_FOR_SOURCE_MAPPING,SOURCE_CHAT_LINK_PROVEN,LIBRARY_PRESENT_V3_ARTIFACTS,PENDING_FULL_PROMPT_AUDIT,PENDING_COMPARATIVE_AUDIT,CONTROLLED_NOT_RELEASED,2907,459
PB-0517,CHAT_ARCHIVE_EXTRACTED,assistant,آموزش دقیق درسی,68d410e9-99d8-832f-b5ad-4b1b36ece8c5,3e8e5a70-c73e-40d5-85e8-4612d0325569,conversations-000.json,1758748721.34373,6552c1ce56f8f0905843510e1a32fa441dd59f19a6e7139f8f93b4f0234be51d,8b9de77f384548f4b7d8ff4002bf8a3ae1e29ba133f4e382e7de355e4f89a812,CANONICAL_SOURCE_RECORD,EXACT_SOURCE_CAPTURE,STRUCTURAL_SCAN_DISCOVERED,VALIDATED_STRUCTURAL,NOT_TESTED,FROZEN_SOURCE_TEXT,NOT_RELEASED,FROZEN_SOURCE_TEXT,ROOT_SOURCE_CAPTURE_FROM_DISCOVERY,OPEN_FOR_SOURCE_MAPPING,SOURCE_CHAT_LINK_PROVEN,LIBRARY_PRESENT_V3_ARTIFACTS,PENDING_FULL_PROMPT_AUDIT,PENDING_COMPARATIVE_AUDIT,CONTROLLED_NOT_RELEASED,2877,437
PB-0518,CHAT_ARCHIVE_EXTRACTED,assistant,آموزش دقیق درسی,68d410e9-99d8-832f-b5ad-4b1b36ece8c5,597d57af-e6dc-429e-a53a-6d0032532dcb,conversations-000.json,1758748653.089469,79a0532c4e5c24b8ff2d131e7f311a01d95bb57417da42061942ba5c8c55636d,e82f23ffb786fe7e764d0c235ea01a79a9ae730198d912269a847522090fcab3,CANONICAL_SOURCE_RECORD,EXACT_SOURCE_CAPTURE,STRUCTURAL_SCAN_DISCOVERED,VALIDATED_STRUCTURAL,NOT_TESTED,FROZEN_SOURCE_TEXT,NOT_RELEASED,FROZEN_SOURCE_TEXT,ROOT_SOURCE_CAPTURE_FROM_DISCOVERY,OPEN_FOR_SOURCE_MAPPING,SOURCE_CHAT_LINK_PROVEN,LIBRARY_PRESENT_V3_ARTIFACTS,PENDING_FULL_PROMPT_AUDIT,PENDING_COMPARATIVE_AUDIT,CONTROLLED_NOT_RELEASED,3063,480
PB-0519,CHAT_ARCHIVE_EXTRACTED,assistant,آموزش دقیق درسی,68d410e9-99d8-832f-b5ad-4b1b36ece8c5,77b67d6c-3ca4-4ae5-9bd5-ee2c0c4d5579,conversations-000.json,1758748751.997262,0a94da9aad971912fdf3d55ec16762498803d04a93521a8c838e262931fbb2ef,47644644070882b4d08d8339e42f49648a93beac41db70c689a32b65211c3f16,CANONICAL_SOURCE_RECORD,EXACT_SOURCE_CAPTURE,STRUCTURAL_SCAN_DISCOVERED,VALIDATED_STRUCTURAL,NOT_TESTED,FROZEN_SOURCE_TEXT,NOT_RELEASED,FROZEN_SOURCE_TEXT,ROOT_SOURCE_CAPTURE_FROM_DISCOVERY,OPEN_FOR_SOURCE_MAPPING,SOURCE_CHAT_LINK_PROVEN,LIBRARY_PRESENT_V3_ARTIFACTS,PENDING_FULL_PROMPT_AUDIT,PENDING_COMPARATIVE_AUDIT,CONTROLLED_NOT_RELEASED,2839,439
PB-0520,CHAT_ARCHIVE_EXTRACTED,assistant,آموزش دقیق درسی,68d410e9-99d8-832f-b5ad-4b1b36ece8c5,90206fba-0633-497e-894a-05ea02e319e6,conversations-000.json,1758748685.440644,dfb33de582698e72f4f6b4a97e2f31f3db545875d6aa95be4e7b8e17964508f8,337c2c0dc0ccf4bf3d2a074ebaf5f56e24ad606b3714372958b35ac22bf04d53,CANONICAL_SOURCE_RECORD,EXACT_SOURCE_CAPTURE,STRUCTURAL_SCAN_DISCOVERED,VALIDATED_STRUCTURAL,NOT_TESTED,FROZEN_SOURCE_TEXT,NOT_RELEASED,FROZEN_SOURCE_TEXT,ROOT_SOURCE_CAPTURE_FROM_DISCOVERY,OPEN_FOR_SOURCE_MAPPING,SOURCE_CHAT_LINK_PROVEN,SOURCE_LIBRARY_PRESENT_V3_ARTIFACTS,PENDING_FULL_PROMPT_AUDIT,PENDING_COMPARATIVE_AUDIT,CONTROLLED_NOT_RELEASED,3019,451
PB-0521,CHAT_ARCHIVE_EXTRACTED,assistant,آموزش دقیق درسی,68d410e9-99d8-832f-b5ad-4b1b36ece8c5,cef2009f-687d-4809-bd9c-07486e026d49,conversations-000.json,1758728657.966019,2ee8e0d3732fded12fc6cb78a7c6aa6c4f1ecf118261ba8272f504b9621d570f,68d9cd0ce035338e9533b78c2a825238ce3d90329807bc96a59042d3cb25a6d3,CANONICAL_SOURCE_RECORD,EXACT_SOURCE_CAPTURE,STRUCTURAL_SCAN_DISCOVERED,VALIDATED_STRUCTURAL,NOT_TESTED,FROZEN_SOURCE_TEXT,NOT_RELEASED,FROZEN_SOURCE_TEXT,ROOT_SOURCE_CAPTURE_FROM_DISCOVERY,OPEN_FOR_SOURCE_MAPPING,SOURCE_CHAT_LINK_PROVEN,SOURCE_LIBRARY_PRESENT_V3_ARTIFACTS,PENDING_FULL_PROMPT_AUDIT,PENDING_COMPARATIVE_AUDIT,CONTROLLED_NOT_RELEASED,1789,318
PB-0522,CHAT_ARCHIVE_EXTRACTED,assistant,آموزش دانشگاهی و شغلی,68dc47a2-fcac-8320-910c-248565920985,031a1f1d-72a4-417c-afc5-5063d8d97b71,conversations-000.json,1759266743.779432,222e98ef2daa2e67704e6eb79ee6149b1ab3d5d84d5b09f82ceaf43daab9aab9,d400825a4a4183313c6c537c56cd7a1598bd3d5bf9e5c8f025d0019c1c8b0ec3,CANONICAL_SOURCE_RECORD,EXACT_SOURCE_CAPTURE,STRUCTURAL_SCAN_DISCOVERED,VALIDATED_STRUCTURAL,NOT_TESTED,FROZEN_SOURCE_TEXT,NOT_RELEASED,FROZEN_SOURCE_TEXT,ROOT_SOURCE_CAPTURE_FROM_DISCOVERY,OPEN_FOR_SOURCE_MAPPING,SOURCE_CHAT_LINK_PROVEN,SOURCE_LIBRARY_PRESENT_V3_ARTIFACTS,PENDING_FULL_PROMPT_AUDIT,PENDING_COMPARATIVE_AUDIT,CONTROLLED_NOT_RELEASED,4031,606
PB-0523,CHAT_ARCHIVE_EXTRACTED,user,حقوق قراردادها درس نمونه,68dda9dc-6300-8333-a61e-0091cdc64c01,bbb21735-ee04-425c-96cc-e9c043d0cb1f,conversations-002.json,1759358711.295131,1f9757a5f8150f9cb8bf7f041e07a4ccc5b4dcf83e55e6f6c4c68460847ba613,1f9757a5f8150f9cb8bf7f041e07a4ccc5b4dcf83e55e6f6c4c68460847ba613,CANONICAL_SOURCE_RECORD,EXACT_SOURCE_CAPTURE,STRUCTURAL_SCAN_DISCOVERED,VALIDATED_STRUCTURAL,NOT_TESTED,FROZEN_SOURCE_TEXT,NOT_RELEASED,FROZEN_SOURCE_TEXT,ROOT_SOURCE_CAPTURE_FROM_DISCOVERY,OPEN_FOR_SOURCE_MAPPING,SOURCE_CHAT_LINK_PROVEN,SOURCE_LIBRARY_PRESENT_V3_ARTIFACTS,PENDING_FULL_PROMPT_AUDIT,PENDING_COMPARATIVE_AUDIT,CONTROLLED_NOT_RELEASED,2344,414
PB-0524,CHAT_ARCHIVE_EXTRACTED,user,حقوق قراردادها درس نمونه,68dda9dc-6300-8333-a61e-0091cdc64c01,bbb21e78-a604-4e21-93d8-428148d55ef6,conversations-002.json,1759358615.138693,ff910cc4299a49dbb2454b13804766887b972c0983b7087cc4d9fb97b8d54a71,ff910cc4299a49dbb2454b13804766887b972c0983b7087cc4d9fb97b8,CANONICAL_SOURCE_RECORD,EXACT_SOURCE_CAPTURE,STRUCTURAL_SCAN_DISCOVERED,VALIDATED_STRUCTURAL,NOT_TESTED,FROZEN_SOURCE_TEXT,NOT_RELEASED,FROZEN_SOURCE_TEXT,ROOT_SOURCE_CAPTURE_FROM_DISCOVERY,OPEN_FOR_SOURCE_MAPPING,SOURCE_CHAT_LINK_PROVEN,SOURCE_LIBRARY_PRESENT_V3_ARTIFACTS,PENDING_FULL_PROMPT_AUDIT,PENDING_COMPARATIVE_AUDIT,CONTROLLED_NOT_RELEASED,2340,414
PB-0525,CHAT_ARCHIVE_EXTRACTED,assistant,آموزش نوشتار علمی,6943aef6-8908-832d-8642-aabf2d6f1396,e38c0a35-0859-4cbb-8c2a-5fe1f97257eb,conversations-003.json,1781292689.037415,f17fb12b4822158001e818af7c11fc09ff2e40230f008fda70ea57a9f53c1a0a,d1dc19ec1c76cd5671a24e7e2a7f61b070c9f68445809de315e7916c7057380e,CANONICAL_SOURCE_RECORD,EXACT_SOURCE_CAPTURE,STRUCTURAL_SCAN_DISCOVERED,VALIDATED_STRUCTURAL,NOT_TESTED,FROZEN_SOURCE_TEXT,NOT_RELEASED,FROZEN_SOURCE_TEXT,ROOT_SOURCE_CAPTURE_FROM_DISCOVERY,OPEN_FOR_SOURCE_MAPPING,SOURCE_CHAT_LINK_PROVEN,SOURCE_LIBRARY_PRESENT_V3_ARTIFACTS,PENDING_FULL_PROMPT_AUDIT,PENDING_COMPARATIVE_AUDIT,CONTROLLED_NOT_RELEASED,1112,205
PB-0526,CHAT_ARCHIVE_EXTRACTED,user,بیوگرافی محمد,699b57df-bed8-832f-a9f1-517798bf14dc,16d03eac-d6d2-4288-bfe4-bcb4c3d894b2,conversations-004.json,1763770719.495514,616c10cf59c63ee1d027956de0ff336444d6613700352a553a4a0b33e0c85f6c,616c10cf59c63ee1d027956de0ff336444d6613700352a553a4a0b33e0c85f6c,CANONICAL_SOURCE_RECORD,EXACT_SOURCE_CAPTURE,STRUCTURAL_SCAN_DISCOVERED,VALIDATED_STRUCTURAL,NOT_TESTED,FROZEN_SOURCE_TEXT,NOT_RELEASED,FROZEN_SOURCE_TEXT,ROOT_SOURCE_CAPTURE_FROM_DISCOVERY,OPEN_FOR_SOURCE_MAPPING,SOURCE_CHAT_LINK_PROVEN,SOURCE_LIBRARY_PRESENT_V3_ARTIFACTS,PENDING_FULL_PROMPT_AUDIT,PENDING_COMPARATIVE_AUDIT,CONTROLLED_NOT_RELEASED,2265,398
PB-0527,CHAT_ARCHIVE_EXTRACTED,assistant,بررسی سند مدیریت استراتژیک,6a1788a0-50f8-83eb-8e69-fd74aaafc32e,7bd11a33-d287-4fa4-8a47-3898c56b4cd9,conversations-004.json,1780479953.197458,246d251ef6b1b16a13d4e4e75d16c22b673b250140e2f637a3c7b7731e1d26ac,246d251ef6b1b16a13d4e4e75d16c22b673b250140e2f637a3c7b7731e1d26ac,CANONICAL_SOURCE_RECORD,EXACT_SOURCE_CAPTURE,STRUCTURAL_SCAN_DISCOVERED,VALIDATED_STRUCTURAL,NOT_TESTED,FROZEN_SOURCE_TEXT,NOT_RELEASED,FROZEN_SOURCE_TEXT,ROOT_SOURCE_CAPTURE_FROM_DISCOVERY,OPEN_FOR_SOURCE_MAPPING,SOURCE_CHAT_LINK_PROVEN,SOURCE_LIBRARY_PRESENT_V3_ARTIFACTS,PENDING_FULL_PROMPT_AUDIT,PENDING_COMPARATIVE_AUDIT,CONTROLLED_NOT_RELEASED,6131,1132
PB-0528,CHAT_ARCHIVE_EXTRACTED,assistant,تحلیل ساختار کانتینریزاسیون,6a1a2847-a294-83eb-b817-794d04045aa7,35044181-ac3b-4480-ab73-e19e8131dec3,conversations-004.json,1780099652.096376,42f0b0d46c1d98566dbb06a8d2bcf500d9c7912fb917ff1f5df834aea01bdfff,42f0b0d46c1d98566dbb06a8d2bcf500d9c7912fb917ff1f5df834aea01bdfff,CANONICAL_SOURCE_RECORD,EXACT_SOURCE_CAPTURE,STRUCTURAL_SCAN_DISCOVERED,VALIDATED_STRUCTURAL,NOT_TESTED,FROZEN_SOURCE_TEXT,NOT_RELEASED,FROZEN_SOURCE_TEXT,ROOT_SOURCE_CAPTURE_FROM_DISCOVERY,OPEN_FOR_SOURCE_MAPPING,SOURCE_CHAT_LINK_PROVEN,SOURCE_LIBRARY_PRESENT_V3_ARTIFACTS,PENDING_FULL_PROMPT_AUDIT,PENDING_COMPARATIVE_AUDIT,CONTROLLED_NOT_RELEASED,22466,4001
PB-0529,CHAT_ARCHIVE_EXTRACTED,assistant,تایید نهایی پرامپت علمی,6a1c3135-b4b4-83eb-ae80-0494af05b79f,1ae32285-5003-4e6a-b910-c85cfa460a00,conversations-004.json,1780233317.874839,58aca1a1da90e740d6a5a1ce18d410e3d8a1dfec9c2cebce23b47cdfd6358b7d,452e4d2792d43cebf6bb5657900dc5d05920a57f4c9b6d3ce73cb04f64b99c1e,CANONICAL_SOURCE_RECORD,EXACT_SOURCE_CAPTURE,STRUCTURAL_SCAN_DISCOVERED,VALIDATED_STRUCTURAL,NOT_TESTED,FROZEN_SOURCE_TEXT,NOT_RELEASED,FROZEN_SOURCE_TEXT,ROOT_SOURCE_CAPTURE_FROM_DISCOVERY,SOURCE_CHAT_LINK_PROVEN,LIBRARY_PRESENT_V3_ARTIFACTS,PENDING_FULL_PROMPT_AUDIT,PENDING_COMPARATIVE_AUDIT,CONTROLLED_NOT_RELEASED,17163,3162
PB-0530,CHAT_ARCHIVE_EXTRACTED,assistant,ترجمه فارسی Port Economics,6a2dd7ae-4080-83eb-be8e-c1723de8bc63,b40938d7-4e1e-4825-bc48-771e8661d0f2,conversations-004.json,1781464549.386524,56e4d82b25786d1f5ce1167de6feebd317f5918465f1e344cc7c033680cc6154,5579f6b05a236d0584953e6be7c25441479b14e9aa4c2857a8fa6a5518142262,CANONICAL_SOURCE_RECORD,EXACT_SOURCE_CAPTURE,STRUCTURAL_SCAN_DISCOVERED,VALIDATED_STRUCTURAL,NOT_TESTED,FROZEN_SOURCE_TEXT,NOT_RELEASED,FROZEN_SOURCE_TEXT,ROOT_SOURCE_CAPTURE_FROM_DISCOVERY,SOURCE_CHAT_LINK_PROVEN,LIBRARY_PRESENT_V3_ARTIFACTS,PENDING_FULL_PROMPT_AUDIT,PENDING_COMPARATIVE_AUDIT,CONTROLLED_NOT_RELEASED,3869,677